title,link,rating,content
Akismet Anti-Spam,https://wordpress.org/plugins/akismet/,813,"
Akismet checks your comments and contact form submissions against our global database of spam to…
"
Jetpack by WordPress.com,https://wordpress.org/plugins/jetpack/,1.387,"
The ideal plugin for stats, related posts, search engine optimization, social sharing, protection, backups, security,…
"
Classic Editor,https://wordpress.org/plugins/classic-editor/,625,"
Enables the previous ""classic"" editor and the old-style Edit Post screen with TinyMCE, Meta Boxes,…
"
bbPress,https://wordpress.org/plugins/bbpress/,288,"
bbPress is forum software, made the WordPress way.
"
Akismet Anti-Spam,https://wordpress.org/plugins/akismet/,813,"
Akismet checks your comments and contact form submissions against our global database of spam to…
"
Jetpack by WordPress.com,https://wordpress.org/plugins/jetpack/,1.387,"
The ideal plugin for stats, related posts, search engine optimization, social sharing, protection, backups, security,…
"
Classic Editor,https://wordpress.org/plugins/classic-editor/,625,"
Enables the previous ""classic"" editor and the old-style Edit Post screen with TinyMCE, Meta Boxes,…
"
bbPress,https://wordpress.org/plugins/bbpress/,288,"
bbPress is forum software, made the WordPress way.
"
